

INSERT INTO "public"."egreso" (id,comentario,factura,fecha_registro,monto,status,evento_id,recaudador_id) VALUES (50,'Cantante Sharon',null,{ts '2016-04-10 22:39:02.192'},500.0,'VALIDA',100,4);
INSERT INTO "public"."egreso" (id,comentario,factura,fecha_registro,monto,status,evento_id,recaudador_id) VALUES (100,'Flores de fecha 27 de Febrero',null,{ts '2016-04-14 04:41:59.212'},60.0,'REGISTRADA',100,4);
INSERT INTO "public"."egreso" (id,comentario,factura,fecha_registro,monto,status,evento_id,recaudador_id) VALUES (101,'Compra de Refresco',null,{ts '2016-04-14 04:40:53.530'},300.0,'REGISTRADA',100,4);
INSERT INTO "public"."egreso" (id,comentario,factura,fecha_registro,monto,status,evento_id,recaudador_id) VALUES (102,'Compra de Barajas para la rifa',null,{ts '2016-04-14 04:41:40.481'},110.0,'REGISTRADA',100,4);
INSERT INTO "public"."egreso" (id,comentario,factura,fecha_registro,monto,status,evento_id,recaudador_id) VALUES (103,'Payaso',null,{ts '2016-04-14 04:43:24.155'},1500.0,'REGISTRADA',100,4);
INSERT INTO "public"."egreso" (id,comentario,factura,fecha_registro,monto,status,evento_id,recaudador_id) VALUES (104,'sillas y lona',null,{ts '2016-04-14 04:45:39.870'},300.0,'REGISTRADA',100,4);
INSERT INTO "public"."egreso" (id,comentario,factura,fecha_registro,monto,status,evento_id,recaudador_id) VALUES (105,'Castillo',null,{ts '2016-04-14 04:59:27.460'},5000.0,'REGISTRADA',154,4);
INSERT INTO "public"."egreso" (id,comentario,factura,fecha_registro,monto,status,evento_id,recaudador_id) VALUES (106,'Puerco y Banda',null,{ts '2016-05-01 22:43:35.104'},5000.0,'VALIDA',153,4);
INSERT INTO "public"."egreso" (id,comentario,factura,fecha_registro,monto,status,evento_id,recaudador_id) VALUES (107,'Cuetes',null,{ts '2016-04-14 05:00:05.244'},3000.0,'REGISTRADA',153,4);
INSERT INTO "public"."egreso" (id,comentario,factura,fecha_registro,monto,status,evento_id,recaudador_id) VALUES (108,'Mandado comida',null,{ts '2016-04-14 05:00:20.487'},2000.0,'REGISTRADA',153,4);
INSERT INTO "public"."egreso" (id,comentario,factura,fecha_registro,monto,status,evento_id,recaudador_id) VALUES (109,'Hojas de Tamales',null,{ts '2016-04-14 05:00:40.574'},1000.0,'REGISTRADA',154,4);
INSERT INTO "public"."egreso" (id,comentario,factura,fecha_registro,monto,status,evento_id,recaudador_id) VALUES (110,'Adorno',null,{ts '2016-04-14 05:01:25.272'},1600.0,'REGISTRADA',153,4);
INSERT INTO "public"."egreso" (id,comentario,factura,fecha_registro,monto,status,evento_id,recaudador_id) VALUES (111,'Mesas y Sillas',null,{ts '2016-04-14 05:02:10.488'},1000.0,'REGISTRADA',153,4);
INSERT INTO "public"."egreso" (id,comentario,factura,fecha_registro,monto,status,evento_id,recaudador_id) VALUES (112,'Tortillas',null,{ts '2016-04-14 05:03:21.323'},500.0,'REGISTRADA',153,4);
INSERT INTO "public"."egreso" (id,comentario,factura,fecha_registro,monto,status,evento_id,recaudador_id) VALUES (113,'Maíz para tamales',null,{ts '2016-04-14 05:07:05.882'},150.0,'REGISTRADA',155,4);
INSERT INTO "public"."egreso" (id,comentario,factura,fecha_registro,monto,status,evento_id,recaudador_id) VALUES (114,'Chile, etc.',null,{ts '2016-04-14 05:08:02.610'},300.0,'REGISTRADA',155,4);
INSERT INTO "public"."egreso" (id,comentario,factura,fecha_registro,monto,status,evento_id,recaudador_id) VALUES (150,'Adelanto de la banda',null,{ts '2016-05-18 15:36:08.649'},5000.0,'VALIDA',154,4);
INSERT INTO "public"."egreso" (id,comentario,factura,fecha_registro,monto,status,evento_id,recaudador_id) VALUES (200,'30 Focos para el arco de recibimiento',null,{ts '2016-05-21 03:57:57.359'},300.0,'VALIDA',154,4);
INSERT INTO "public"."egreso" (id,comentario,factura,fecha_registro,monto,status,evento_id,recaudador_id) VALUES (201,'30 Soquets para arco',null,{ts '2016-05-21 03:58:34.581'},120.0,'VALIDA',154,4);
INSERT INTO "public"."egreso" (id,comentario,factura,fecha_registro,monto,status,evento_id,recaudador_id) VALUES (202,'Rollo de cable para arco',null,{ts '2016-05-21 03:59:09.103'},350.0,'VALIDA',154,4);
INSERT INTO "public"."egreso" (id,comentario,factura,fecha_registro,monto,status,evento_id,recaudador_id) VALUES (203,'Adelanto de Puerco',null,{ts '2016-05-21 04:01:40.480'},800.0,'VALIDA',154,4);
INSERT INTO "public"."egreso" (id,comentario,factura,fecha_registro,monto,status,evento_id,recaudador_id) VALUES (250,'Puerco chico',null,{ts '2016-05-30 00:13:37.867'},800.0,'VALIDA',154,4);
INSERT INTO "public"."egreso" (id,comentario,factura,fecha_registro,monto,status,evento_id,recaudador_id) VALUES (251,'Focos, Soquets y cable',null,{ts '2016-05-30 00:15:13.624'},830.0,'VALIDA',154,4);


INSERT INTO "public"."egreso_token" (token,fecha_vigencia,egreso_id) VALUES ('052c7f67-9405-43c1-86d3-00a42c726683',{ts '2016-04-19 04:45:39.100'},104);
INSERT INTO "public"."egreso_token" (token,fecha_vigencia,egreso_id) VALUES ('140ea7b6-c97b-4ea7-b1ef-581708bbc4b6',{ts '2016-04-19 04:59:27.472'},105);
INSERT INTO "public"."egreso_token" (token,fecha_vigencia,egreso_id) VALUES ('2768d37c-c9e3-4121-b9e6-a222615d656a',{ts '2016-04-19 05:07:05.892'},113);
INSERT INTO "public"."egreso_token" (token,fecha_vigencia,egreso_id) VALUES ('46e20fe2-3996-4877-8d9e-81518bb1b891',{ts '2016-04-19 05:08:02.618'},114);
INSERT INTO "public"."egreso_token" (token,fecha_vigencia,egreso_id) VALUES ('699be99e-620c-45eb-88b5-2f10f479a755',{ts '2016-04-19 04:41:40.499'},102);
INSERT INTO "public"."egreso_token" (token,fecha_vigencia,egreso_id) VALUES ('7885807e-ea33-4afe-96fa-547c39733533',{ts '2016-04-19 04:43:24.165'},103);
INSERT INTO "public"."egreso_token" (token,fecha_vigencia,egreso_id) VALUES ('7fb11e1b-731a-441c-9663-d739099eb790',{ts '2016-04-19 05:00:40.585'},109);
INSERT INTO "public"."egreso_token" (token,fecha_vigencia,egreso_id) VALUES ('99ca5f23-99e6-4831-925d-a4325c87fa0b',{ts '2016-04-19 05:00:05.279'},107);
INSERT INTO "public"."egreso_token" (token,fecha_vigencia,egreso_id) VALUES ('a9dad170-1ba7-46df-805b-fa39ce764fb1',{ts '2016-04-19 05:03:21.331'},112);
INSERT INTO "public"."egreso_token" (token,fecha_vigencia,egreso_id) VALUES ('cd2adff8-3dea-4eb7-8e57-76483eebb511',{ts '2016-04-19 05:01:25.280'},110);
INSERT INTO "public"."egreso_token" (token,fecha_vigencia,egreso_id) VALUES ('d9be566a-5e7f-4490-bb72-2b3ec80ca3e2',{ts '2016-04-19 05:00:20.499'},108);
INSERT INTO "public"."egreso_token" (token,fecha_vigencia,egreso_id) VALUES ('e6c608fc-869c-4519-8b97-af782af2c7cb',{ts '2016-04-19 04:41:59.224'},100);
INSERT INTO "public"."egreso_token" (token,fecha_vigencia,egreso_id) VALUES ('edd22a45-3d6c-4ac5-b06b-b6ef93e60edd',{ts '2016-04-19 04:40:53.760'},101);
INSERT INTO "public"."egreso_token" (token,fecha_vigencia,egreso_id) VALUES ('f7b955f2-34f1-4e6d-817d-1c730e778cd2',{ts '2016-04-19 05:02:10.496'},111);


INSERT INTO "public"."evento" (id,descripcion,fecha_evento,nombre) VALUES (50,'Donaciones en efectivo personales',{ts '2016-04-08 17:59:09.382'},'Donación Personal');
INSERT INTO "public"."evento" (id,descripcion,fecha_evento,nombre) VALUES (100,'Primer Kermes de la colonia',{ts '2016-04-10 22:31:36.552'},'Primer Kermes');
INSERT INTO "public"."evento" (id,descripcion,fecha_evento,nombre) VALUES (150,'Primer viaje',{ts '2016-04-14 03:27:47.438'},'Viaje Atlacomulco');
INSERT INTO "public"."evento" (id,descripcion,fecha_evento,nombre) VALUES (151,'Segundo',{ts '2016-04-14 03:27:47.438'},'Viaje a la Villita');
INSERT INTO "public"."evento" (id,descripcion,fecha_evento,nombre) VALUES (152,'Rosario',{ts '2016-04-14 03:27:47.438'},'Rifa Celular');
INSERT INTO "public"."evento" (id,descripcion,fecha_evento,nombre) VALUES (153,'Martes de Carnaval',{ts '2016-04-14 03:27:47.438'},'Recibir la Cruz');
INSERT INTO "public"."evento" (id,descripcion,fecha_evento,nombre) VALUES (154,'Lunes 13',{ts '2016-04-14 03:27:47.438'},'Recibir San Antonio');
INSERT INTO "public"."evento" (id,descripcion,fecha_evento,nombre) VALUES (155,'Solo pague el maiz para los tamales y el chile, porque se decidió que los gastos corrieran por parte de la familia',{ts '2016-04-14 03:27:47.438'},'1er Rosario de la Cruz');
INSERT INTO "public"."evento" (id,descripcion,fecha_evento,nombre) VALUES (200,'Segundo Viaje Atlacomulco',{ts '2016-05-01 21:29:31.426'},'Viaje 3');
INSERT INTO "public"."evento" (id,descripcion,fecha_evento,nombre) VALUES (201,'Primer evento de Rayuela',{ts '2016-05-01 21:29:31.426'},'Rayuela');
INSERT INTO "public"."evento" (id,descripcion,fecha_evento,nombre) VALUES (250,'Segundo evento de Rayuela',{ts '2016-05-18 15:28:10.992'},'Rayuela2');
INSERT INTO "public"."evento" (id,descripcion,fecha_evento,nombre) VALUES (251,'Segunda Kermes',{ts '2016-05-18 15:28:10.992'},'Kermes');


INSERT INTO "public"."ingreso" (id,comentario,fecha_registro,ficha_pago,monto,status,visibilidad,donador_id,evento_id,recaudador_id) VALUES (450,'Puesto de enchiladas fam flores',{ts '2016-04-10 22:36:19.775'},null,1796.0,'REGISTRADA','PUBLICA',5,100,4);
INSERT INTO "public"."ingreso" (id,comentario,fecha_registro,ficha_pago,monto,status,visibilidad,donador_id,evento_id,recaudador_id) VALUES (500,'Recibo 01',{ts '2016-04-14 03:39:07.730'},null,100.0,'REGISTRADA','PUBLICA',7,50,4);
INSERT INTO "public"."ingreso" (id,comentario,fecha_registro,ficha_pago,monto,status,visibilidad,donador_id,evento_id,recaudador_id) VALUES (501,'Recibo 01 31 de Marzo',{ts '2016-04-14 03:41:12.883'},null,100.0,'VALIDA','PUBLICA',6,50,4);
INSERT INTO "public"."ingreso" (id,comentario,fecha_registro,ficha_pago,monto,status,visibilidad,donador_id,evento_id,recaudador_id) VALUES (502,'Recibo 02 de 7 de Abril',{ts '2016-04-14 03:42:02.355'},null,100.0,'VALIDA','PUBLICA',6,50,4);
INSERT INTO "public"."ingreso" (id,comentario,fecha_registro,ficha_pago,monto,status,visibilidad,donador_id,evento_id,recaudador_id) VALUES (503,'Recibo 02 de 13 de Abril 2014',{ts '2016-04-14 03:43:01.259'},null,100.0,'REGISTRADA','PUBLICA',7,50,4);
INSERT INTO "public"."ingreso" (id,comentario,fecha_registro,ficha_pago,monto,status,visibilidad,donador_id,evento_id,recaudador_id) VALUES (504,'Recibo 03 de 20 de Abril',{ts '2016-04-14 03:44:50.260'},null,100.0,'REGISTRADA','PUBLICA',7,50,4);
INSERT INTO "public"."ingreso" (id,comentario,fecha_registro,ficha_pago,monto,status,visibilidad,donador_id,evento_id,recaudador_id) VALUES (505,'Recibo 04 de 27 de Abril 2014',{ts '2016-04-14 03:45:36.250'},null,100.0,'REGISTRADA','PUBLICA',7,50,4);
INSERT INTO "public"."ingreso" (id,comentario,fecha_registro,ficha_pago,monto,status,visibilidad,donador_id,evento_id,recaudador_id) VALUES (506,'Recibo 03 de 14 de abril 2014',{ts '2016-04-14 03:47:32.550'},null,100.0,'VALIDA','PUBLICA',6,50,4);
INSERT INTO "public"."ingreso" (id,comentario,fecha_registro,ficha_pago,monto,status,visibilidad,donador_id,evento_id,recaudador_id) VALUES (507,'Recibo 04 de Fecha 21 de Abril 2014',{ts '2016-04-14 03:48:13.767'},null,100.0,'VALIDA','PUBLICA',6,50,4);
INSERT INTO "public"."ingreso" (id,comentario,fecha_registro,ficha_pago,monto,status,visibilidad,donador_id,evento_id,recaudador_id) VALUES (508,'Recibo 05 de Fecha 07 de Abril 2014',{ts '2016-04-14 03:49:03.925'},null,100.0,'REGISTRADA','PUBLICA',7,50,4);
INSERT INTO "public"."ingreso" (id,comentario,fecha_registro,ficha_pago,monto,status,visibilidad,donador_id,evento_id,recaudador_id) VALUES (509,'Recibo 06 de Fecha 5 de Mayo 2014',{ts '2016-04-14 03:49:55.817'},null,100.0,'REGISTRADA','PUBLICA',7,50,4);
INSERT INTO "public"."ingreso" (id,comentario,fecha_registro,ficha_pago,monto,status,visibilidad,donador_id,evento_id,recaudador_id) VALUES (510,'Recibo 07 de Fecha 12 de Mayo 2014',{ts '2016-04-14 03:50:55.720'},null,100.0,'REGISTRADA','PUBLICA',7,50,4);
INSERT INTO "public"."ingreso" (id,comentario,fecha_registro,ficha_pago,monto,status,visibilidad,donador_id,evento_id,recaudador_id) VALUES (511,'Recibo 08 de Fecha 19 de Mayo 2014',{ts '2016-04-14 03:53:16.829'},null,100.0,'REGISTRADA','PUBLICA',7,50,4);
INSERT INTO "public"."ingreso" (id,comentario,fecha_registro,ficha_pago,monto,status,visibilidad,donador_id,evento_id,recaudador_id) VALUES (512,'Recibo 01 de Fecha 19 de Mayo 2014',{ts '2016-04-14 03:54:02.463'},null,800.0,'REGISTRADA','PUBLICA',2,50,4);
INSERT INTO "public"."ingreso" (id,comentario,fecha_registro,ficha_pago,monto,status,visibilidad,donador_id,evento_id,recaudador_id) VALUES (513,'Recibo 01 de Fecha 19 de Mayo 2014',{ts '2016-04-14 03:54:59.470'},null,800.0,'REGISTRADA','PUBLICA',1,50,4);
INSERT INTO "public"."ingreso" (id,comentario,fecha_registro,ficha_pago,monto,status,visibilidad,donador_id,evento_id,recaudador_id) VALUES (514,'Emilia Flores Recibo 01 de fecha 26 de Mayo 2014',{ts '2016-04-14 03:56:07.349'},null,100.0,'REGISTRADA','PUBLICA',5,50,4);
INSERT INTO "public"."ingreso" (id,comentario,fecha_registro,ficha_pago,monto,status,visibilidad,donador_id,evento_id,recaudador_id) VALUES (515,'Recibo 02 de fecha 01 de Junio 2014',{ts '2016-04-14 03:58:00.132'},null,200.0,'REGISTRADA','PUBLICA',2,50,4);
INSERT INTO "public"."ingreso" (id,comentario,fecha_registro,ficha_pago,monto,status,visibilidad,donador_id,evento_id,recaudador_id) VALUES (516,'Recibo 09 de Fecha 26 de Mayo 2014',{ts '2016-04-14 03:58:46.899'},null,100.0,'REGISTRADA','PUBLICA',7,50,4);
INSERT INTO "public"."ingreso" (id,comentario,fecha_registro,ficha_pago,monto,status,visibilidad,donador_id,evento_id,recaudador_id) VALUES (517,'Recibo 10 de Fecha 01 de Junio 2014',{ts '2016-04-14 03:59:52.212'},null,100.0,'REGISTRADA','PUBLICA',7,50,4);
INSERT INTO "public"."ingreso" (id,comentario,fecha_registro,ficha_pago,monto,status,visibilidad,donador_id,evento_id,recaudador_id) VALUES (518,'Recibo 05 de fecha 05 de Mayo 2014',{ts '2016-04-14 04:00:35.573'},null,200.0,'VALIDA','PUBLICA',6,50,4);
INSERT INTO "public"."ingreso" (id,comentario,fecha_registro,ficha_pago,monto,status,visibilidad,donador_id,evento_id,recaudador_id) VALUES (519,'Recibo 06 de fecha 26 de Mayo 2014',{ts '2016-04-14 04:01:26.741'},null,300.0,'VALIDA','PUBLICA',6,50,4);
INSERT INTO "public"."ingreso" (id,comentario,fecha_registro,ficha_pago,monto,status,visibilidad,donador_id,evento_id,recaudador_id) VALUES (520,'Gamaliel Vazquez Recibo 01 de fecha 31 de Marzo 2014',{ts '2016-04-14 04:02:33.282'},null,150.0,'REGISTRADA','PUBLICA',5,50,4);
INSERT INTO "public"."ingreso" (id,comentario,fecha_registro,ficha_pago,monto,status,visibilidad,donador_id,evento_id,recaudador_id) VALUES (521,'Recibo 07 de Fecha 02 de Junio 2014',{ts '2016-04-14 04:03:38.352'},null,100.0,'VALIDA','PUBLICA',6,50,4);
INSERT INTO "public"."ingreso" (id,comentario,fecha_registro,ficha_pago,monto,status,visibilidad,donador_id,evento_id,recaudador_id) VALUES (522,'Recibo 11 de Fecha 09 de Junio 2014',{ts '2016-04-14 04:04:19.482'},null,100.0,'REGISTRADA','PUBLICA',7,50,4);
INSERT INTO "public"."ingreso" (id,comentario,fecha_registro,ficha_pago,monto,status,visibilidad,donador_id,evento_id,recaudador_id) VALUES (523,'Recibo 03 de Fecha 09 de Junio 2014',{ts '2016-04-14 04:05:07.260'},null,200.0,'REGISTRADA','PUBLICA',2,50,4);
INSERT INTO "public"."ingreso" (id,comentario,fecha_registro,ficha_pago,monto,status,visibilidad,donador_id,evento_id,recaudador_id) VALUES (524,'Recibo 04 de Fecha 07 de Julio 2014',{ts '2016-04-14 04:06:23.685'},null,300.0,'REGISTRADA','PUBLICA',2,50,4);
INSERT INTO "public"."ingreso" (id,comentario,fecha_registro,ficha_pago,monto,status,visibilidad,donador_id,evento_id,recaudador_id) VALUES (525,'Recibo 05 de Fecha 20 de Julio 2014',{ts '2016-04-14 04:07:09.287'},null,200.0,'REGISTRADA','PUBLICA',2,50,4);
INSERT INTO "public"."ingreso" (id,comentario,fecha_registro,ficha_pago,monto,status,visibilidad,donador_id,evento_id,recaudador_id) VALUES (526,'Recibo 12 de Fecha ',{ts '2016-04-14 04:09:12.537'},null,800.0,'REGISTRADA','PUBLICA',7,50,4);
INSERT INTO "public"."ingreso" (id,comentario,fecha_registro,ficha_pago,monto,status,visibilidad,donador_id,evento_id,recaudador_id) VALUES (527,'Recibo 06',{ts '2016-04-14 04:10:00.274'},null,400.0,'REGISTRADA','PUBLICA',2,50,4);
INSERT INTO "public"."ingreso" (id,comentario,fecha_registro,ficha_pago,monto,status,visibilidad,donador_id,evento_id,recaudador_id) VALUES (528,'Recibo 08 ',{ts '2016-04-14 04:10:30.496'},null,500.0,'VALIDA','PUBLICA',6,50,4);
INSERT INTO "public"."ingreso" (id,comentario,fecha_registro,ficha_pago,monto,status,visibilidad,donador_id,evento_id,recaudador_id) VALUES (529,'Recibo 09 de Fecha 20 de Octubre 2014',{ts '2016-04-14 04:11:24.938'},null,1000.0,'VALIDA','PUBLICA',6,50,4);
INSERT INTO "public"."ingreso" (id,comentario,fecha_registro,ficha_pago,monto,status,visibilidad,donador_id,evento_id,recaudador_id) VALUES (530,'Recibo 07 de Fecha 27 de Enero 2015',{ts '2016-04-14 04:12:16.771'},null,1000.0,'VALIDA','PUBLICA',2,50,4);
INSERT INTO "public"."ingreso" (id,comentario,fecha_registro,ficha_pago,monto,status,visibilidad,donador_id,evento_id,recaudador_id) VALUES (531,'Recibo 10 de Fecha 01 de Marzo 2015',{ts '2016-04-14 04:13:09.210'},null,1000.0,'VALIDA','PUBLICA',6,50,4);
INSERT INTO "public"."ingreso" (id,comentario,fecha_registro,ficha_pago,monto,status,visibilidad,donador_id,evento_id,recaudador_id) VALUES (532,'Recibo 11 de Fecha 13 de Diciembre 2015',{ts '2016-04-14 04:14:02.998'},null,600.0,'VALIDA','PUBLICA',6,50,4);
INSERT INTO "public"."ingreso" (id,comentario,fecha_registro,ficha_pago,monto,status,visibilidad,donador_id,evento_id,recaudador_id) VALUES (533,'Recibo 02 de Fecha 13 de Diciembre 2015',{ts '2016-04-14 04:14:47.778'},null,2000.0,'REGISTRADA','PUBLICA',1,50,4);
INSERT INTO "public"."ingreso" (id,comentario,fecha_registro,ficha_pago,monto,status,visibilidad,donador_id,evento_id,recaudador_id) VALUES (534,'Recibo 12 de Fecha 10 de Enero 2016',{ts '2016-04-14 04:15:52.699'},null,2500.0,'VALIDA','PUBLICA',6,50,4);
INSERT INTO "public"."ingreso" (id,comentario,fecha_registro,ficha_pago,monto,status,visibilidad,donador_id,evento_id,recaudador_id) VALUES (535,'Recibo 13 de fecha 31 de Enero 2016',{ts '2016-04-14 04:17:11.0'},null,2000.0,'REGISTRADA','PUBLICA',7,50,4);
INSERT INTO "public"."ingreso" (id,comentario,fecha_registro,ficha_pago,monto,status,visibilidad,donador_id,evento_id,recaudador_id) VALUES (536,'Primer Viaje',{ts '2016-04-14 04:19:48.390'},null,2410.0,'REGISTRADA','PUBLICA',5,150,4);
INSERT INTO "public"."ingreso" (id,comentario,fecha_registro,ficha_pago,monto,status,visibilidad,donador_id,evento_id,recaudador_id) VALUES (537,'Viaje a la Villa',{ts '2016-04-14 04:21:49.348'},null,2300.0,'REGISTRADA','PUBLICA',5,151,4);
INSERT INTO "public"."ingreso" (id,comentario,fecha_registro,ficha_pago,monto,status,visibilidad,donador_id,evento_id,recaudador_id) VALUES (538,'Kermes Payaso',{ts '2016-04-14 04:24:09.760'},null,1345.0,'REGISTRADA','PUBLICA',5,100,4);
INSERT INTO "public"."ingreso" (id,comentario,fecha_registro,ficha_pago,monto,status,visibilidad,donador_id,evento_id,recaudador_id) VALUES (539,'Kermes Atole',{ts '2016-04-14 04:25:00.943'},null,148.5,'REGISTRADA','PUBLICA',5,100,4);
INSERT INTO "public"."ingreso" (id,comentario,fecha_registro,ficha_pago,monto,status,visibilidad,donador_id,evento_id,recaudador_id) VALUES (540,'Kermes Pozole y ponche',{ts '2016-04-14 04:26:22.359'},null,450.0,'REGISTRADA','PUBLICA',5,100,4);
INSERT INTO "public"."ingreso" (id,comentario,fecha_registro,ficha_pago,monto,status,visibilidad,donador_id,evento_id,recaudador_id) VALUES (541,'Gelatinas',{ts '2016-04-14 04:27:11.333'},null,325.0,'REGISTRADA','PUBLICA',5,100,4);
INSERT INTO "public"."ingreso" (id,comentario,fecha_registro,ficha_pago,monto,status,visibilidad,donador_id,evento_id,recaudador_id) VALUES (542,'Pozolw',{ts '2016-04-14 04:28:01.113'},null,210.0,'REGISTRADA','PUBLICA',5,100,4);
INSERT INTO "public"."ingreso" (id,comentario,fecha_registro,ficha_pago,monto,status,visibilidad,donador_id,evento_id,recaudador_id) VALUES (543,'pozole',{ts '2016-04-14 04:29:07.221'},null,195.0,'REGISTRADA','PUBLICA',5,100,4);
INSERT INTO "public"."ingreso" (id,comentario,fecha_registro,ficha_pago,monto,status,visibilidad,donador_id,evento_id,recaudador_id) VALUES (544,'Elotes',{ts '2016-04-14 04:29:56.521'},null,414.0,'REGISTRADA','PUBLICA',5,100,4);
INSERT INTO "public"."ingreso" (id,comentario,fecha_registro,ficha_pago,monto,status,visibilidad,donador_id,evento_id,recaudador_id) VALUES (545,'Tamales',{ts '2016-04-14 04:30:35.946'},null,335.0,'REGISTRADA','PUBLICA',5,100,4);
INSERT INTO "public"."ingreso" (id,comentario,fecha_registro,ficha_pago,monto,status,visibilidad,donador_id,evento_id,recaudador_id) VALUES (546,'Registro Civil',{ts '2016-04-14 04:31:18.258'},null,95.0,'REGISTRADA','PUBLICA',5,100,4);
INSERT INTO "public"."ingreso" (id,comentario,fecha_registro,ficha_pago,monto,status,visibilidad,donador_id,evento_id,recaudador_id) VALUES (547,'Crepas, empanadas, buñuelos',{ts '2016-04-14 04:32:23.261'},null,835.0,'REGISTRADA','PUBLICA',5,100,4);
INSERT INTO "public"."ingreso" (id,comentario,fecha_registro,ficha_pago,monto,status,visibilidad,donador_id,evento_id,recaudador_id) VALUES (548,'Arroz con Leche',{ts '2016-04-14 04:36:28.112'},null,195.0,'REGISTRADA','PUBLICA',5,100,6);
INSERT INTO "public"."ingreso" (id,comentario,fecha_registro,ficha_pago,monto,status,visibilidad,donador_id,evento_id,recaudador_id) VALUES (549,'Chicharrones',{ts '2016-04-14 04:34:25.979'},null,240.0,'REGISTRADA','PUBLICA',5,100,4);
INSERT INTO "public"."ingreso" (id,comentario,fecha_registro,ficha_pago,monto,status,visibilidad,donador_id,evento_id,recaudador_id) VALUES (550,'cooperación ',{ts '2016-04-14 04:35:06.706'},null,500.0,'REGISTRADA','PUBLICA',5,100,4);
INSERT INTO "public"."ingreso" (id,comentario,fecha_registro,ficha_pago,monto,status,visibilidad,donador_id,evento_id,recaudador_id) VALUES (551,'',{ts '2016-04-14 04:37:16.786'},null,460.0,'REGISTRADA','PUBLICA',5,152,4);
INSERT INTO "public"."ingreso" (id,comentario,fecha_registro,ficha_pago,monto,status,visibilidad,donador_id,evento_id,recaudador_id) VALUES (600,'Alfonso Lopez',{ts '2016-05-01 22:35:59.967'},null,500.0,'REGISTRADA','PUBLICA',5,50,4);
INSERT INTO "public"."ingreso" (id,comentario,fecha_registro,ficha_pago,monto,status,visibilidad,donador_id,evento_id,recaudador_id) VALUES (601,'Cristina Mateos',{ts '2016-05-01 22:36:33.638'},null,500.0,'REGISTRADA','PUBLICA',5,50,4);
INSERT INTO "public"."ingreso" (id,comentario,fecha_registro,ficha_pago,monto,status,visibilidad,donador_id,evento_id,recaudador_id) VALUES (602,'Pedro Moran',{ts '2016-05-01 22:36:58.274'},null,300.0,'REGISTRADA','PUBLICA',5,50,4);
INSERT INTO "public"."ingreso" (id,comentario,fecha_registro,ficha_pago,monto,status,visibilidad,donador_id,evento_id,recaudador_id) VALUES (603,'Benito Flores',{ts '2016-05-01 22:37:30.118'},null,500.0,'REGISTRADA','PUBLICA',5,50,4);
INSERT INTO "public"."ingreso" (id,comentario,fecha_registro,ficha_pago,monto,status,visibilidad,donador_id,evento_id,recaudador_id) VALUES (604,'Eberardo Tovar',{ts '2016-05-01 22:38:03.652'},null,300.0,'REGISTRADA','PUBLICA',5,50,4);
INSERT INTO "public"."ingreso" (id,comentario,fecha_registro,ficha_pago,monto,status,visibilidad,donador_id,evento_id,recaudador_id) VALUES (605,'Marco Antonio',{ts '2016-05-01 22:38:28.483'},null,400.0,'REGISTRADA','PUBLICA',5,50,4);
INSERT INTO "public"."ingreso" (id,comentario,fecha_registro,ficha_pago,monto,status,visibilidad,donador_id,evento_id,recaudador_id) VALUES (606,'Nicolas Rosales',{ts '2016-05-01 22:39:17.300'},null,300.0,'REGISTRADA','PUBLICA',5,50,4);
INSERT INTO "public"."ingreso" (id,comentario,fecha_registro,ficha_pago,monto,status,visibilidad,donador_id,evento_id,recaudador_id) VALUES (607,'Javier Perez',{ts '2016-05-01 22:39:41.124'},null,300.0,'REGISTRADA','PUBLICA',5,50,4);
INSERT INTO "public"."ingreso" (id,comentario,fecha_registro,ficha_pago,monto,status,visibilidad,donador_id,evento_id,recaudador_id) VALUES (608,'Leonardo Perez',{ts '2016-05-01 22:40:11.402'},null,200.0,'REGISTRADA','PUBLICA',5,50,4);
INSERT INTO "public"."ingreso" (id,comentario,fecha_registro,ficha_pago,monto,status,visibilidad,donador_id,evento_id,recaudador_id) VALUES (609,'Manuel Hernandez',{ts '2016-05-01 22:40:57.160'},null,100.0,'REGISTRADA','PUBLICA',5,50,4);
INSERT INTO "public"."ingreso" (id,comentario,fecha_registro,ficha_pago,monto,status,visibilidad,donador_id,evento_id,recaudador_id) VALUES (610,'Filogonia Lozano',{ts '2016-05-01 22:41:45.826'},null,1000.0,'REGISTRADA','PUBLICA',5,50,4);
INSERT INTO "public"."ingreso" (id,comentario,fecha_registro,ficha_pago,monto,status,visibilidad,donador_id,evento_id,recaudador_id) VALUES (650,'Mayo 2016',{ts '2016-05-18 15:33:09.390'},null,5000.0,'VALIDA','PUBLICA',2,50,4);
INSERT INTO "public"."ingreso" (id,comentario,fecha_registro,ficha_pago,monto,status,visibilidad,donador_id,evento_id,recaudador_id) VALUES (700,'Everardo Tovar',{ts '2016-05-21 03:53:43.326'},null,1000.0,'REGISTRADA','PUBLICA',5,50,4);
INSERT INTO "public"."ingreso" (id,comentario,fecha_registro,ficha_pago,monto,status,visibilidad,donador_id,evento_id,recaudador_id) VALUES (750,'Primer Rayuela',{ts '2016-05-30 00:02:12.459'},null,5330.0,'REGISTRADA','PUBLICA',5,201,6);


INSERT INTO "public"."ingreso_token" (token,fecha_vigencia,ingreso_id) VALUES ('02d8f66c-3df3-4d61-b7a1-1636e80d8b62',{ts '2016-05-06 22:40:11.421'},608);
INSERT INTO "public"."ingreso_token" (token,fecha_vigencia,ingreso_id) VALUES ('0442ca02-f94a-44b1-b7f4-08845850ca85',{ts '2016-04-19 03:44:50.298'},504);
INSERT INTO "public"."ingreso_token" (token,fecha_vigencia,ingreso_id) VALUES ('0829b522-819f-48f7-b408-3f80dd290d44',{ts '2016-05-06 22:36:58.301'},602);
INSERT INTO "public"."ingreso_token" (token,fecha_vigencia,ingreso_id) VALUES ('0aa010b1-30d6-4e12-a1d2-24268b541d02',{ts '2016-04-19 03:54:02.483'},512);
INSERT INTO "public"."ingreso_token" (token,fecha_vigencia,ingreso_id) VALUES ('14fbb06e-04a7-4db3-9a29-8cb6ec390996',{ts '2016-04-19 04:02:33.294'},520);
INSERT INTO "public"."ingreso_token" (token,fecha_vigencia,ingreso_id) VALUES ('2439cd12-f444-4d17-b1b0-864e7373e7b1',{ts '2016-04-19 04:07:09.300'},525);
INSERT INTO "public"."ingreso_token" (token,fecha_vigencia,ingreso_id) VALUES ('252b628c-097c-487a-b3b2-ee76169b83a0',{ts '2016-04-19 03:49:03.967'},508);
INSERT INTO "public"."ingreso_token" (token,fecha_vigencia,ingreso_id) VALUES ('25f50b11-bb39-431e-a39f-456b09e988a4',{ts '2016-04-19 04:34:25.993'},549);
INSERT INTO "public"."ingreso_token" (token,fecha_vigencia,ingreso_id) VALUES ('2a9fb1be-2807-4caa-9a88-3793c89ae31a',{ts '2016-04-19 03:45:36.710'},505);
INSERT INTO "public"."ingreso_token" (token,fecha_vigencia,ingreso_id) VALUES ('2aae3953-c997-4c05-9c62-d149eee53030',{ts '2016-04-19 04:09:12.550'},526);
INSERT INTO "public"."ingreso_token" (token,fecha_vigencia,ingreso_id) VALUES ('301597e7-6fd6-47ff-82d3-b4f5046c9de9',{ts '2016-05-06 22:37:30.139'},603);
INSERT INTO "public"."ingreso_token" (token,fecha_vigencia,ingreso_id) VALUES ('366223ec-0230-4ca6-abfb-89903eed19d7',{ts '2016-04-19 04:17:11.130'},535);
INSERT INTO "public"."ingreso_token" (token,fecha_vigencia,ingreso_id) VALUES ('39f9d501-9dc0-4fb5-a3ca-337074271d48',{ts '2016-04-19 04:35:06.720'},550);
INSERT INTO "public"."ingreso_token" (token,fecha_vigencia,ingreso_id) VALUES ('47c08c2b-a4d1-4ab2-9f06-26839795c512',{ts '2016-04-19 03:59:52.232'},517);
INSERT INTO "public"."ingreso_token" (token,fecha_vigencia,ingreso_id) VALUES ('4d6ae0de-fb3b-42d8-aeb9-e35db8328554',{ts '2016-05-26 03:53:44.790'},700);
INSERT INTO "public"."ingreso_token" (token,fecha_vigencia,ingreso_id) VALUES ('4d93f6a9-d60c-4c43-b938-cd4814cf31b0',{ts '2016-04-19 04:25:00.955'},539);
INSERT INTO "public"."ingreso_token" (token,fecha_vigencia,ingreso_id) VALUES ('565d488d-5340-4520-bb89-ac1df283c6d5',{ts '2016-04-19 04:29:56.532'},544);
INSERT INTO "public"."ingreso_token" (token,fecha_vigencia,ingreso_id) VALUES ('596daa4f-2fe8-4d10-aeba-379cae89262f',{ts '2016-05-06 22:38:03.674'},604);
INSERT INTO "public"."ingreso_token" (token,fecha_vigencia,ingreso_id) VALUES ('5e3da95e-7e0c-4821-9a4b-8110d3a71bb8',{ts '2016-04-19 03:39:07.114'},500);
INSERT INTO "public"."ingreso_token" (token,fecha_vigencia,ingreso_id) VALUES ('60d7952c-0eca-4c34-89eb-6d38aa9c3715',{ts '2016-04-19 04:32:23.272'},547);
INSERT INTO "public"."ingreso_token" (token,fecha_vigencia,ingreso_id) VALUES ('6460c168-e678-4cce-8f09-da2935dc0127',{ts '2016-04-19 04:37:16.835'},551);
INSERT INTO "public"."ingreso_token" (token,fecha_vigencia,ingreso_id) VALUES ('66be09e0-2416-4ba6-bbae-c89350bd7c8d',{ts '2016-04-19 04:05:07.279'},523);
INSERT INTO "public"."ingreso_token" (token,fecha_vigencia,ingreso_id) VALUES ('6a277a3b-a04b-40f9-b1e7-7b76d86bbbec',{ts '2016-04-19 04:27:11.348'},541);
INSERT INTO "public"."ingreso_token" (token,fecha_vigencia,ingreso_id) VALUES ('6b73c355-b560-4de2-9de1-3293bef09f95',{ts '2016-05-06 22:41:45.847'},610);
INSERT INTO "public"."ingreso_token" (token,fecha_vigencia,ingreso_id) VALUES ('6c6e6c8d-751e-4d8c-ac1d-b7f8d2116f93',{ts '2016-04-19 03:50:55.106'},510);
INSERT INTO "public"."ingreso_token" (token,fecha_vigencia,ingreso_id) VALUES ('6deaf2a1-1d3f-46e5-894b-e931353566f5',{ts '2016-04-19 04:19:48.840'},536);
INSERT INTO "public"."ingreso_token" (token,fecha_vigencia,ingreso_id) VALUES ('79361974-79a7-45c7-a3df-f327081d2489',{ts '2016-05-06 22:39:17.330'},606);
INSERT INTO "public"."ingreso_token" (token,fecha_vigencia,ingreso_id) VALUES ('79dfcc6d-cd5d-47ff-a421-97ddd15322aa',{ts '2016-04-19 03:43:01.272'},503);
INSERT INTO "public"."ingreso_token" (token,fecha_vigencia,ingreso_id) VALUES ('7a388acb-c918-44b6-96b1-0e838f9118da',{ts '2016-04-19 04:10:00.288'},527);
INSERT INTO "public"."ingreso_token" (token,fecha_vigencia,ingreso_id) VALUES ('7e0dee30-2ca5-47c8-bc75-075b1e4654a8',{ts '2016-04-19 03:56:07.390'},514);
INSERT INTO "public"."ingreso_token" (token,fecha_vigencia,ingreso_id) VALUES ('7fbb9ad8-7156-4ea1-b04e-6b061e49761c',{ts '2016-05-06 22:40:57.390'},609);
INSERT INTO "public"."ingreso_token" (token,fecha_vigencia,ingreso_id) VALUES ('891c23e0-5476-4b88-98db-b9aa1fcb6127',{ts '2016-04-19 03:58:00.151'},515);
INSERT INTO "public"."ingreso_token" (token,fecha_vigencia,ingreso_id) VALUES ('8b0d3eb3-8321-4841-b550-df1aed4673ed',{ts '2016-04-19 04:26:22.373'},540);
INSERT INTO "public"."ingreso_token" (token,fecha_vigencia,ingreso_id) VALUES ('9422c72f-fb08-4885-8373-832e54d9d1aa',{ts '2016-04-19 04:04:19.494'},522);
INSERT INTO "public"."ingreso_token" (token,fecha_vigencia,ingreso_id) VALUES ('99176417-adb5-4c10-8b0c-085b713e5835',{ts '2016-04-19 04:28:01.131'},542);
INSERT INTO "public"."ingreso_token" (token,fecha_vigencia,ingreso_id) VALUES ('a1078d61-5f72-4727-8f8e-41b10558ee21',{ts '2016-04-19 03:58:46.919'},516);
INSERT INTO "public"."ingreso_token" (token,fecha_vigencia,ingreso_id) VALUES ('a180783e-fdaf-4e58-96ee-e8124132b1eb',{ts '2016-04-19 03:49:55.829'},509);
INSERT INTO "public"."ingreso_token" (token,fecha_vigencia,ingreso_id) VALUES ('a5a79b6f-5d49-447f-b8f9-94e4051a4924',{ts '2016-06-04 00:02:12.545'},750);
INSERT INTO "public"."ingreso_token" (token,fecha_vigencia,ingreso_id) VALUES ('b11374a0-ce55-468b-b1a2-6f4f09d7f987',{ts '2016-04-19 04:14:47.790'},533);
INSERT INTO "public"."ingreso_token" (token,fecha_vigencia,ingreso_id) VALUES ('b30aafbf-ac68-4c4d-a8b8-13d4e6127dd0',{ts '2016-05-06 22:38:28.504'},605);
INSERT INTO "public"."ingreso_token" (token,fecha_vigencia,ingreso_id) VALUES ('b54cf88c-77dd-4ebd-bc18-484746c9df48',{ts '2016-05-06 22:39:41.151'},607);
INSERT INTO "public"."ingreso_token" (token,fecha_vigencia,ingreso_id) VALUES ('c25db41b-cd5f-4a84-a153-565e1275dd62',{ts '2016-05-06 22:36:33.665'},601);
INSERT INTO "public"."ingreso_token" (token,fecha_vigencia,ingreso_id) VALUES ('c2e7b3d5-36b0-4afe-b608-b5f6f3935b67',{ts '2016-04-19 04:29:07.232'},543);
INSERT INTO "public"."ingreso_token" (token,fecha_vigencia,ingreso_id) VALUES ('d4b82a2c-6ce1-437c-a8b8-e55d97f13878',{ts '2016-04-19 04:31:18.268'},546);
INSERT INTO "public"."ingreso_token" (token,fecha_vigencia,ingreso_id) VALUES ('d5959cc6-a13b-40cc-a13e-d85362dbe72a',{ts '2016-04-19 04:36:28.185'},548);
INSERT INTO "public"."ingreso_token" (token,fecha_vigencia,ingreso_id) VALUES ('d895f9f4-6464-4335-ab1e-78c6842e9067',{ts '2016-05-06 22:36:00.600'},600);
INSERT INTO "public"."ingreso_token" (token,fecha_vigencia,ingreso_id) VALUES ('dab9286a-67b3-4e25-9274-900d1d1acf7f',{ts '2016-04-19 04:06:23.702'},524);
INSERT INTO "public"."ingreso_token" (token,fecha_vigencia,ingreso_id) VALUES ('e1e6e89e-6db4-458c-864f-da22d0289c5b',{ts '2016-04-19 03:53:16.843'},511);
INSERT INTO "public"."ingreso_token" (token,fecha_vigencia,ingreso_id) VALUES ('e4234db0-583a-4756-91d7-d88070d7a894',{ts '2016-05-06 22:36:05.583'},600);
INSERT INTO "public"."ingreso_token" (token,fecha_vigencia,ingreso_id) VALUES ('e54cec8c-7d8f-4c42-9b9d-eed6915975c5',{ts '2016-04-19 04:21:49.361'},537);
INSERT INTO "public"."ingreso_token" (token,fecha_vigencia,ingreso_id) VALUES ('e744833b-f0b6-474a-8aeb-9b24809a43d1',{ts '2016-04-19 04:30:35.961'},545);
INSERT INTO "public"."ingreso_token" (token,fecha_vigencia,ingreso_id) VALUES ('e9b3eb39-1ae0-41f1-bc24-91412dfe22c6',{ts '2016-04-19 03:54:59.491'},513);
INSERT INTO "public"."ingreso_token" (token,fecha_vigencia,ingreso_id) VALUES ('fe9c60ff-2853-42d0-9b67-6feead298a24',{ts '2016-04-15 22:36:19.805'},450);
INSERT INTO "public"."ingreso_token" (token,fecha_vigencia,ingreso_id) VALUES ('ffa46bff-5ccd-4c12-9eaf-5ef1e6561eee',{ts '2016-04-19 04:24:09.771'},538);


INSERT INTO "public"."persona" (id,fecha_registro,materno,nombre,paterno,ruta_foto,sexo,username) VALUES (1,{ts '2016-03-10 14:25:00.0'},'Tovar','Lilian','Flores','','FEMENINO','lily_aft@hotmail.com');
INSERT INTO "public"."persona" (id,fecha_registro,materno,nombre,paterno,ruta_foto,sexo,username) VALUES (2,{ts '2016-03-10 14:25:00.0'},'Bautista','Eduardo David','Flores','','MASCULINO','eddavid17@hotmail.com');
INSERT INTO "public"."persona" (id,fecha_registro,materno,nombre,paterno,ruta_foto,sexo,username) VALUES (3,{ts '2016-03-10 14:25:00.0'},'Bautista','Miguel Angel','Flores','','MASCULINO','antauri.7@gmail.com');
INSERT INTO "public"."persona" (id,fecha_registro,materno,nombre,paterno,ruta_foto,sexo,username) VALUES (4,{ts '2016-03-10 14:25:00.0'},'Tovar','Nadia Elizabeth','Flores','','FEMENINO','nady_vaflolie@hotmail.com');
INSERT INTO "public"."persona" (id,fecha_registro,materno,nombre,paterno,ruta_foto,sexo,username) VALUES (5,{ts '2016-03-10 14:25:00.0'},'Garcia','Tomas','Flores','','MASCULINO','tomas_floresgarcia@hotmail.com');
INSERT INTO "public"."persona" (id,fecha_registro,materno,nombre,paterno,ruta_foto,sexo,username) VALUES (6,{ts '2016-03-10 14:25:00.0'},'Lozano','Roberto Salvador','Olguín','','MASCULINO','betotsol@gmail.com');
INSERT INTO "public"."persona" (id,fecha_registro,materno,nombre,paterno,ruta_foto,sexo,username) VALUES (7,{ts '2016-03-10 14:25:00.0'},'Flores','Rubén','Mendoza','','MASCULINO','rulis82@hotmail.com');
INSERT INTO "public"."persona" (id,fecha_registro,materno,nombre,paterno,ruta_foto,sexo,username) VALUES (8,{ts '2016-03-10 14:25:00.0'},'Cruz','Flores','Enrique','','MASCULINO','luis_82coco@hotmail.com');


INSERT INTO "public"."user_role" (id,role,username) VALUES (1,'DONADOR','lily_aft@hotmail.com');
INSERT INTO "public"."user_role" (id,role,username) VALUES (2,'DONADOR','eddavid17@hotmail.com');
INSERT INTO "public"."user_role" (id,role,username) VALUES (3,'DONADOR','antauri.7@gmail.com');
INSERT INTO "public"."user_role" (id,role,username) VALUES (4,'DONADOR','nady_vaflolie@hotmail.com');
INSERT INTO "public"."user_role" (id,role,username) VALUES (5,'DONADOR','tomas_floresgarcia@hotmail.com');
INSERT INTO "public"."user_role" (id,role,username) VALUES (6,'DONADOR','betotsol@gmail.com');
INSERT INTO "public"."user_role" (id,role,username) VALUES (7,'RECAUDADOR','nady_vaflolie@hotmail.com');
INSERT INTO "public"."user_role" (id,role,username) VALUES (8,'VALIDADOR','tomas_floresgarcia@hotmail.com');
INSERT INTO "public"."user_role" (id,role,username) VALUES (9,'VALIDADOR','lily_aft@hotmail.com');
INSERT INTO "public"."user_role" (id,role,username) VALUES (10,'VALIDADOR','betotsol@gmail.com');
INSERT INTO "public"."user_role" (id,role,username) VALUES (11,'DONADOR','rulis82@hotmail.com');
INSERT INTO "public"."user_role" (id,role,username) VALUES (12,'DONADOR','luis_82coco@hotmail.com');
INSERT INTO "public"."user_role" (id,role,username) VALUES (100,'PUBLIC','antauri7@gmail.com');
INSERT INTO "public"."user_role" (id,role,username) VALUES (150,'PUBLIC','a45srgh@gmail.com');


INSERT INTO "public"."user_token" (token,fecha_vigencia,tipo,username) VALUES ('25a479d3-261f-4eb0-918c-c466a0adc543',{ts '2016-04-12 22:39:50.668'},'CHANGE_PASSWORD','antauri7@gmail.com');
INSERT INTO "public"."user_token" (token,fecha_vigencia,tipo,username) VALUES ('4c2d93a9-4df8-42f0-998d-4096bfef4d68',{ts '2016-05-10 04:33:00.170'},'CHANGE_PASSWORD','a45srgh@gmail.com');


INSERT INTO "public"."usuario" (username,enabled,password) VALUES ('a45srgh@gmail.com',false,'Sigo1678');
INSERT INTO "public"."usuario" (username,enabled,password) VALUES ('antauri.7@gmail.com',true,'p4Sswordmafb');
INSERT INTO "public"."usuario" (username,enabled,password) VALUES ('antauri7@gmail.com',false,'Qwerty1');
INSERT INTO "public"."usuario" (username,enabled,password) VALUES ('betotsol@gmail.com',true,'p4Ssword');
INSERT INTO "public"."usuario" (username,enabled,password) VALUES ('eddavid17@hotmail.com',true,'p4Sswordedfb');
INSERT INTO "public"."usuario" (username,enabled,password) VALUES ('lily_aft@hotmail.com',true,'p4Sswordlft');
INSERT INTO "public"."usuario" (username,enabled,password) VALUES ('luis_82coco@hotmail.com',true,'p4Sswordwenf');
INSERT INTO "public"."usuario" (username,enabled,password) VALUES ('nady_vaflolie@hotmail.com',true,'p4Ssword');
INSERT INTO "public"."usuario" (username,enabled,password) VALUES ('rulis82@hotmail.com',true,'p4Sswordrmf');
INSERT INTO "public"."usuario" (username,enabled,password) VALUES ('tomas_floresgarcia@hotmail.com',true,'p4Sswordtfg');
